accuracy,auc,loss,precision,recall,val_accuracy,val_auc,val_loss,val_precision,val_recall
0.8245434165000916,0.9267521500587463,0.3465474843978882,0.3189336955547333,0.8674511313438416,0.8790951371192932,0.9642558693885803,0.24853600561618805,0.4126126170158386,0.9096325635910034
0.8679372072219849,0.9561386108398438,0.26539161801338196,0.39174944162368774,0.8939262628555298,0.8806552290916443,0.9682797789573669,0.22837011516094208,0.4168165326118469,0.9205561280250549
0.8698492050170898,0.9611244201660156,0.24829208850860596,0.396512508392334,0.9050008654594421,0.8796151876449585,0.9709042310714722,0.21811793744564056,0.4154118597507477,0.9314796328544617
0.8715928792953491,0.9645450711250305,0.23632897436618805,0.4010290503501892,0.9171136617660522,0.876061737537384,0.9727202653884888,0.21675267815589905,0.408083438873291,0.9324727058410645
0.8720364570617676,0.9664172530174255,0.22865839302539825,0.40244361758232117,0.9233431220054626,0.8806552290916443,0.9736531972885132,0.21144749224185944,0.4174107015132904,0.9285004734992981
0.8736271858215332,0.967773973941803,0.2238205224275589,0.4058113992214203,0.9255926609039307,0.8790951371192932,0.9739213585853577,0.2094743251800537,0.41415929794311523,0.9294935464859009
0.8718376159667969,0.968106210231781,0.2217729240655899,0.402402400970459,0.9274961352348328,0.8773617744445801,0.9742469191551208,0.2066943198442459,0.41083917021751404,0.9334657192230225
0.8692526817321777,0.9689490795135498,0.21897150576114655,0.39748242497444153,0.9288804531097412,0.873634934425354,0.9746631383895874,0.2051893025636673,0.40326040983200073,0.9334657192230225
0.8694208860397339,0.9684959650039673,0.21907474100589752,0.3979123532772064,0.9300917387008667,0.8731149435043335,0.9755169153213501,0.20662876963615417,0.4028899371623993,0.9414101243019104
0.868533730506897,0.9693493247032166,0.2165791094303131,0.39633339643478394,0.9314760565757751,0.8773617744445801,0.9747470021247864,0.20378230512142181,0.41083917021751404,0.9334657192230225
0.8736883997917175,0.970645546913147,0.2127239853143692,0.4064881205558777,0.9323412179946899,0.8855087757110596,0.9755271077156067,0.20213986933231354,0.42837589979171753,0.9324727058410645
0.876334547996521,0.9704091548919678,0.21259813010692596,0.41128039360046387,0.924900472164154,0.8909689784049988,0.9761951565742493,0.19648751616477966,0.4406619369983673,0.9255213737487793
0.876074492931366,0.970547616481781,0.21240761876106262,0.4108390212059021,0.9261117577552795,0.8879355192184448,0.9760615229606628,0.1974334418773651,0.4337349534034729,0.9294935464859009
0.8761357069015503,0.9713210463523865,0.20925399661064148,0.411251425743103,0.929745614528656,0.8836886882781982,0.9758139252662659,0.19824013113975525,0.42437922954559326,0.9334657192230225
0.8767016530036926,0.9715025424957275,0.2089087814092636,0.41231170296669006,0.9283612966537476,0.8864621520042419,0.9764547348022461,0.19620341062545776,0.43015214800834656,0.9265143871307373
0.8766251802444458,0.9714651703834534,0.20896512269973755,0.4122611880302429,0.929745614528656,0.8837753534317017,0.9766328930854797,0.1996058076620102,0.42470693588256836,0.935451865196228
0.8773899674415588,0.9720529913902283,0.2065584808588028,0.41387540102005005,0.9300917387008667,0.8780550956726074,0.9765118360519409,0.2054327130317688,0.41273996233940125,0.9394240379333496
0.8768699169158936,0.9721024632453918,0.20612047612667084,0.41279470920562744,0.9300917387008667,0.8855087757110596,0.9761698246002197,0.20350906252861023,0.42837589979171753,0.9324727058410645
0.8776347041130066,0.9720698595046997,0.20694513618946075,0.4145703613758087,0.9325142502784729,0.8887155652046204,0.9760663509368896,0.195381760597229,0.4356113374233246,0.9304866194725037
0.8783841729164124,0.9725119471549988,0.20459268987178802,0.416216641664505,0.9335525035858154,0.8901022672653198,0.9765489101409912,0.19321729242801666,0.4387611448764801,0.9285004734992981
0.8765639662742615,0.9724925756454468,0.2052619904279709,0.41247040033340454,0.9340716600418091,0.8849887251853943,0.9767833948135376,0.19883960485458374,0.4274047315120697,0.935451865196228
0.8803266882896423,0.9731391072273254,0.20288285613059998,0.42006099224090576,0.929745614528656,0.8907956480979919,0.9767475724220276,0.1953473687171936,0.4406381845474243,0.9324727058410645
0.880234956741333,0.9733585715293884,0.20119985938072205,0.4199516177177429,0.9309569001197815,0.8898422718048096,0.9771114587783813,0.18782177567481995,0.43820226192474365,0.9294935464859009
0.8815503716468811,0.9732823371887207,0.20203080773353577,0.42257073521614075,0.9278421998023987,0.8902755975723267,0.9772536754608154,0.1914415806531906,0.43934425711631775,0.9314796328544617
0.882437527179718,0.9739338159561157,0.1995691955089569,0.4246661961078644,0.9300917387008667,0.8854221105575562,0.9770946502685547,0.1970369517803192,0.4285065829753876,0.9374379515647888
0.880999743938446,0.9743832349777222,0.1977621465921402,0.421658456325531,0.9318221211433411,0.8850753903388977,0.9775002002716064,0.19146369397640228,0.4275987148284912,0.935451865196228
0.8829575777053833,0.9741414785385132,0.19859245419502258,0.42596253752708435,0.9323412179946899,0.8816086053848267,0.9776909351348877,0.200849711894989,0.42018675804138184,0.9384309649467468
0.882942259311676,0.9742215275764465,0.1980990320444107,0.42575275897979736,0.929745614528656,0.8889755606651306,0.9776312708854675,0.19268275797367096,0.43651530146598816,0.935451865196228
0.8791489601135254,0.9738890528678894,0.19855020940303802,0.4176625907421112,0.9313029646873474,0.8880221843719482,0.9777368903160095,0.1938132494688034,0.4343015253543854,0.935451865196228
0.8831869959831238,0.9746941328048706,0.1957182139158249,0.42628154158592224,0.929572582244873,0.8959091901779175,0.977790117263794,0.1848149597644806,0.4530947804450989,0.9304866194725037
0.8831258416175842,0.9745387434959412,0.1963578760623932,0.4261814057826996,0.9300917387008667,0.8888888955116272,0.9777296781539917,0.19254368543624878,0.43631312251091003,0.935451865196228
0.8837376236915588,0.9746492505073547,0.19651153683662415,0.4276064932346344,0.9311299324035645,0.8897556066513062,0.9777608513832092,0.1941841095685959,0.43817079067230225,0.9324727058410645
0.8836305737495422,0.9748715162277222,0.19499073922634125,0.427195280790329,0.9285343289375305,0.8875888586044312,0.9778177738189697,0.1924952268600464,0.4333026707172394,0.935451865196228
0.8816115260124207,0.9748165011405945,0.1951022446155548,0.4231402277946472,0.9340716600418091,0.8947824835777283,0.9777600765228271,0.1854734867811203,0.4502643048763275,0.9304866194725037
0.8838141560554504,0.9751553535461426,0.19418737292289734,0.4280168116092682,0.9347637891769409,0.8927024006843567,0.9778321385383606,0.18656212091445923,0.4452866017818451,0.9334657192230225
0.8832634687423706,0.9751081466674805,0.19434688985347748,0.42661386728286743,0.931995153427124,0.8902755975723267,0.9776096940040588,0.18888427317142487,0.43951424956321716,0.9344587922096252
0.8832940459251404,0.9752767086029053,0.19358401000499725,0.42679744958877563,0.9337255358695984,0.8946090936660767,0.9777474999427795,0.18160304427146912,0.4499281346797943,0.9324727058410645
0.8832787871360779,0.9751384854316711,0.19395412504673004,0.4265545606613159,0.9306108355522156,0.8931357264518738,0.9776610136032104,0.18266405165195465,0.44629278779029846,0.9324727058410645
0.884640097618103,0.975343644618988,0.19298963248729706,0.42967689037323,0.931995153427124,0.8878488540649414,0.9777075052261353,0.19406813383102417,0.43390142917633057,0.935451865196228
0.8862614631652832,0.9757099747657776,0.1923665702342987,0.43319088220596313,0.929572582244873,0.8879355192184448,0.9776264429092407,0.19516845047473907,0.43397969007492065,0.9334657192230225
0.8820398449897766,0.9751874208450317,0.19322876632213593,0.4238436818122864,0.9307838678359985,0.8839486837387085,0.9775965213775635,0.19291618466377258,0.4251577854156494,0.936444878578186
0.8825598955154419,0.97569340467453,0.192097470164299,0.4252891540527344,0.9352829456329346,0.8870688080787659,0.9776462316513062,0.18878790736198425,0.43211010098457336,0.935451865196228
0.8855884075164795,0.9757033586502075,0.19187307357788086,0.4317251443862915,0.9306108355522156,0.8866354823112488,0.977850079536438,0.19167138636112213,0.4310581684112549,0.9344587922096252
0.8866897225379944,0.9758434295654297,0.1912643015384674,0.43423494696617126,0.9306108355522156,0.8882821798324585,0.9777973294258118,0.19169481098651886,0.43484288454055786,0.9344587922096252
0.8836305737495422,0.9754716157913208,0.19215461611747742,0.4273572266101837,0.9309569001197815,0.8856821060180664,0.9777659177780151,0.1897965520620346,0.4290909171104431,0.9374379515647888
0.8863990902900696,0.9758343696594238,0.1911255568265915,0.4337087571620941,0.9328603744506836,0.8900156021118164,0.9777970910072327,0.18777990341186523,0.4388992488384247,0.9344587922096252
0.8859249353408813,0.9756012558937073,0.1917150467634201,0.43267303705215454,0.9335525035858154,0.8910556435585022,0.9777547717094421,0.18718093633651733,0.44131454825401306,0.9334657192230225
0.8876227736473083,0.9760168790817261,0.1903018206357956,0.4363429546356201,0.929918646812439,0.8893222212791443,0.9777251482009888,0.18878161907196045,0.4372093081474304,0.9334657192230225
0.8871791958808899,0.9759597182273865,0.190911665558815,0.4353702962398529,0.9307838678359985,0.886895477771759,0.9776830673217773,0.19427315890789032,0.4317765533924103,0.936444878578186
0.888234555721283,0.9761943817138672,0.18953292071819305,0.437815397977829,0.9307838678359985,0.8866354823112488,0.9776259660720825,0.1925433874130249,0.4309949576854706,0.9334657192230225
0.8880816102027893,0.9764427542686462,0.18889081478118896,0.4375913143157959,0.9330334067344666,0.8879355192184448,0.9775905013084412,0.19102174043655396,0.43397969007492065,0.9334657192230225
0.8884640336036682,0.9760017395019531,0.19008426368236542,0.43818938732147217,0.9280152320861816,0.884728729724884,0.9777909517288208,0.19575665891170502,0.42688998579978943,0.936444878578186
0.8869191408157349,0.9759125113487244,0.19018413126468658,0.4346346855163574,0.9285343289375305,0.8882821798324585,0.9778018593788147,0.19148020446300507,0.43478259444236755,0.9334657192230225
